city,venue_category,entropy_type,n,success,r2,r2_std,alpha_corrected,beta_catchment_mean,beta_catchment_std,beta_catchment_cv,beta_catchment_min,beta_catchment_q25,beta_catchment_median,beta_catchment_q75,beta_catchment_max,beta_catchment_iqr,beta_residential_mean,beta_residential_std,n_hotspots,hotspot_pct,n_coldspots,coldspot_pct,n_nonsig,nonsig_pct,country
Sweden - Göteborg,accommodation_travel,birth,195,True,0.060626742032262426,0.05131496563203321,0.0017734432525607993,0.3190722954156438,0.04905274862177468,0.15373553055703398,0.2769610961370476,0.2868678378910126,0.3024629978789868,0.3304900420395718,0.5167812649959191,0.04362220414855916,-0.11419831823454729,0.052459415983267185,0,0.0,0,0.0,195,100.0,Sweden
Sweden - Malmö,accommodation_travel,birth,176,True,0.08774289682278859,0.02627435890047839,0.0013821762666710645,0.22470907144237523,0.01799885536037716,0.08009848131561888,0.1795119534046869,0.21553389013884763,0.22437517642428806,0.23531630651560717,0.2582557221390437,0.019782416376759537,0.03822060330955194,0.024292531682096264,0,0.0,0,0.0,176,100.0,Sweden
Sweden - Stockholm,accommodation_travel,birth,751,True,0.021602486804136692,0.02500525255961441,0.0007281581428046413,-0.1171566959411015,0.11386065157143944,0.9718663594668198,-0.309330137920839,-0.1672289922151072,-0.12687837992886897,-0.10160046524955846,0.3125429542020029,0.06562852696554874,0.09201599622198085,0.04390313719317095,0,0.0,0,0.0,751,100.0,Sweden
Sweden - Uppsala,accommodation_travel,birth,109,True,0.034841199601215164,0.013682358517540088,0.002332992519703913,0.06585591050228531,0.01342860963231623,0.20390895107053805,0.03301359392720283,0.05899576260813975,0.06438665435700333,0.06830473190579853,0.11964372147868482,0.00930896929765878,0.09083351193306896,0.021272130272433024,0,0.0,0,0.0,109,100.0,Sweden
US - atlanta,accommodation_travel,birth,1221,True,0.5331877203409385,0.21661498036639656,0.00605416814966394,0.20004934888399778,0.4030448246518541,2.014727000614068,-0.9280173055293051,0.01583864622326681,0.16605152400962367,0.3436674156626309,1.9098620864165832,0.3278287694393641,0.390707084986609,0.1930046511003753,116,9.5004095004095,7,0.5733005733005733,1098,89.92628992628993,US
US - new_york,accommodation_travel,birth,4131,True,0.526640872984071,0.23686995756378565,0.004583282602302635,0.1855516726302024,0.3153567464623404,1.6995629411050082,-1.4980717752288786,0.006718132860869979,0.1791678907968408,0.3283055007869061,1.7384270282578347,0.32158736792603615,0.3439210848004413,0.20558853263644217,435,10.530137981118374,8,0.19365770999757928,3688,89.27620430888405,US
US - washington_dc,accommodation_travel,birth,806,True,0.6339885434857329,0.1796030188688781,0.0030352348358475014,0.17988577950451412,0.16619684355043676,0.9239020672352044,-0.47852883160090187,0.05219679675681707,0.13255781452330606,0.3637232518582992,0.5354644804673078,0.31152645510148214,0.4987538475422571,0.12003710886926314,88,10.918114143920596,0,0.0,718,89.08188585607941,US
Sweden - Göteborg,all,birth,15589,True,0.04713164361516073,0.05318950298649892,0.0010849086854379688,0.19560971530461496,0.7694372219876675,3.9335327531633824,-3.710093321372118,-0.15643048762708137,0.1375089723718982,0.47915888545897356,3.928637266037094,0.6355893730860549,-0.002312578108525162,5.812837757685077,274,1.7576496247353903,7,0.0449034575662326,15308,98.19744691769837,Sweden
Sweden - Helsingborg,all,birth,4696,True,0.05047150380855288,0.0411435377633057,0.0011817223385747649,0.20888481242457382,0.7568443115447148,3.6232615610481664,-3.1166481875459273,0.007853420467701022,0.16933469322099007,0.39299553212320426,3.921814945245248,0.3851421116555032,0.0027005295586323285,0.5548436899006265,193,4.109880749574105,44,0.9369676320272572,4459,94.95315161839864,Sweden
Sweden - Linköping,all,birth,4355,True,0.06476294427832265,0.059548063999268375,0.0014301063654638564,0.11348990240563156,1.0669609793334336,9.401373661596251,-5.19291801222013,-0.16261233247077359,0.11218782375127401,0.379465723514557,12.827742483109699,0.5420780559853305,-0.42884574944772197,2.434472967529155,64,1.4695752009184846,0,0.0,4291,98.53042479908152,Sweden
Sweden - Lund,all,birth,4687,True,0.049635779214239305,0.05199004907033649,0.0011029302171169154,0.012777454326027931,0.5432514151009925,42.516404382238996,-1.9683219541686414,-0.16993804995763395,0.06701444921003825,0.2643745594408448,2.5131135597425813,0.43431260939847877,-0.048293640536932254,0.4663069567599635,29,0.6187326648175805,0,0.0,4658,99.38126733518241,Sweden
Sweden - Malmö,all,birth,11822,True,0.04459036895512808,0.0378431950067417,0.0010693435625889604,0.14035154285035029,0.5983001577392505,4.262868405922602,-2.0053764556086064,-0.19025083801239795,0.09004155120863473,0.4117997396553468,3.9195768670927014,0.6020505776677447,0.09109411465879905,1.0662925111599384,129,1.091185924547454,28,0.23684655726611403,11665,98.67196751818643,Sweden
Sweden - Stockholm,all,birth,35323,True,0.02908113890787122,0.044645078513809805,0.000523617322121045,0.052928724353260355,0.8432822013739165,15.932411212966844,-7.504016738587047,-0.2758425324099878,0.09622556681089682,0.39334721306648823,2.605218311267465,0.669189745476476,0.12433834363502236,2.753512759903243,814,2.304447527106984,200,0.5662033236135096,34309,97.1293491492795,Sweden
Sweden - Uppsala,all,birth,6936,True,0.07365285425398006,0.05907937564333101,0.0016043873320120573,0.2088452516181485,8.35304798199641,39.99635096932477,-71.4296477486212,-0.14269434784238078,0.11206704484368558,0.327644325576211,687.3370851700691,0.47033867341859176,-0.01999304729619474,8.309225695032238,195,2.811418685121107,29,0.41810841983852365,6712,96.77047289504037,Sweden
Sweden - Västerås,all,birth,4567,True,0.034619303062846954,0.034813025657416695,0.0006481365188791528,0.0901734069940122,0.1721540743014847,1.909144614142352,-0.7106254918477941,-0.03208762787556743,0.08239711334349828,0.1937062532998055,0.7007310204494284,0.22579388117537294,0.012733652057916075,0.12922342613540583,155,3.3939128530764178,0,0.0,4412,96.60608714692358,Sweden
Sweden - Örebro,all,birth,4413,True,0.0526685432567485,0.05125854551865248,0.0015026918353805519,-0.011052739480244727,0.5104884216417199,46.18659677577209,-2.6803062825648554,-0.1557231645554313,0.056815405156249076,0.22357362729889416,1.4247778954950423,0.37929679185432547,0.11769632808755243,21.7259232327756,41,0.9290731928393383,51,1.1556764106050306,4321,97.91525039655563,Sweden
US - atlanta,all,birth,34354,True,0.20922903195459805,0.15262022324024013,0.0009866240416986777,0.11807693197952175,0.3166683277818933,2.6818814011598264,-2.9141134159906974,-0.039035796457757524,0.10721203373645274,0.27483447034816766,2.2020796627962107,0.31387026680592517,0.26837855642659625,0.19914630387864657,4168,12.132502765325727,517,1.5049193689235605,29669,86.36257786575071,US
US - new_york,all,birth,143702,True,0.35661787424856756,0.19457206340896385,0.00023148446907616897,0.2715713982653589,0.23271971463264748,0.8569374982753208,-0.5774380476233543,0.13261356291562065,0.2553634381642636,0.40246200356661915,1.3145002695506616,0.2698484406509985,0.24017095958728607,0.13893403401762094,86396,60.12164061738876,1705,1.186483138717624,55601,38.69187624389361,US
US - washington_dc,all,birth,24599,True,0.1877443200394375,0.16341869320059368,0.0013518759229522645,0.9145838565798105,133.59380905457414,146.07059603496967,-386.07062715213317,-0.10723754928665524,0.08053742953410356,0.2939460424668423,20895.936151538517,0.40118359175349755,0.3499270118799888,6.643733121590081,1842,7.488109272734664,508,2.0651245985609172,22249,90.44676612870443,US
Sweden - Stockholm,civic_community,birth,120,True,0.023249809291984082,0.004534421609800728,0.0022186479424414775,0.0010236172376672154,0.0882505823009594,86.21443548770155,-0.12390907433335349,-0.05988359442976038,-0.014825880697314501,0.03671881840986482,0.3921846056421163,0.0966024128396252,0.035098650376138275,0.02609920597387585,0,0.0,0,0.0,120,100.0,Sweden
US - atlanta,civic_community,birth,157,True,0.5044009945446866,0.17736481507931032,0.0074674440229113345,0.22560782859709966,0.15452090894908452,0.6849093398484621,-0.03843047720312244,0.0771833202364444,0.22597665594922883,0.34527579401857517,0.5845736057698551,0.26809247378213075,0.3201030778926459,0.09981211126306826,5,3.1847133757961785,0,0.0,152,96.81528662420382,US
US - new_york,civic_community,birth,786,True,0.638584708515907,0.16813199597987605,0.0055109172938356925,0.29662062810030326,0.2255058272708902,0.7602499823263628,-0.12471716991770092,0.12342500436030918,0.2635447932417027,0.45177141531718046,1.0701190694027518,0.3283464109568713,0.2540014780097866,0.18334784014371633,196,24.936386768447836,0,0.0,590,75.06361323155217,US
US - washington_dc,civic_community,birth,182,True,0.42671387149929835,0.09558830590171391,0.003476660566825979,0.16120930754026513,0.1685946495671071,1.045812131690953,-0.0681806555806175,0.06439388567034066,0.14013470196376288,0.18134874227265707,0.8754111452268007,0.11695485660231641,0.2949351247858243,0.09509184497111564,5,2.7472527472527473,0,0.0,177,97.25274725274726,US
Sweden - Göteborg,education_higher,birth,435,True,0.1045313336363756,0.012694109287336924,0.00048588356896948676,0.22745312983327085,0.019251457550462377,0.0846392290340177,0.18740643758223308,0.21219706491377544,0.2242692290031586,0.24037030744633636,0.31657242895746207,0.028173242532560927,0.11827255189196174,0.01269405346192776,1,0.22988505747126436,0,0.0,434,99.77011494252874,Sweden
Sweden - Linköping,education_higher,birth,100,True,0.029330983389862408,0.0067433417142126004,0.0022484563478912646,0.042960803363840006,0.025467386518673706,0.5928051741255271,0.007004540399525436,0.020407112683171448,0.039432275811470005,0.059757090722251244,0.09897138824137548,0.039349978039079796,0.14623096786293102,0.009635561803697231,0,0.0,0,0.0,100,100.0,Sweden
Sweden - Lund,education_higher,birth,181,True,0.026847022649068217,0.005689723376329373,0.0013644915162434263,-0.02944507083373002,0.027739651864554436,0.9420813426190849,-0.09991049899155381,-0.04906069669301452,-0.022847828447084138,-0.01115387231577546,0.0274108331253281,0.037906824377239065,0.09863975118994729,0.02742390179200411,0,0.0,0,0.0,181,100.0,Sweden
Sweden - Malmö,education_higher,birth,203,True,0.1120041850764206,0.06101561145472607,0.0022811430503433612,0.12141333720334897,0.20332971914379758,1.6746901438286887,-0.22554768403392603,-0.021191342623044486,0.08054570233889159,0.263292161393636,0.5502174270850424,0.2844835040166805,-0.053720617833976456,0.12809552076376296,28,13.793103448275861,0,0.0,175,86.20689655172414,Sweden
Sweden - Stockholm,education_higher,birth,796,True,0.018694139014598637,0.0021399432991477453,0.0002786098781971227,0.10258873401620586,0.01456935048408798,0.14201706087713756,0.028845381023185356,0.09329346315570583,0.10056903267324246,0.11453032261620494,0.17492344304589777,0.021236859460499108,0.12486811774123781,0.003794187483186794,0,0.0,0,0.0,796,100.0,Sweden
Sweden - Uppsala,education_higher,birth,214,True,0.09452474103945264,0.04951943778718609,0.002592381932484401,0.10505670337181332,0.05432421335012419,0.5170942129971628,-0.0419809913319851,0.07668695138332601,0.11311741597323052,0.13845029473483525,0.23572606102672702,0.06176334335150924,0.07106524975510511,0.0798835896768221,0,0.0,0,0.0,214,100.0,Sweden
US - atlanta,education_higher,birth,226,True,0.5162293500260764,0.11148224794006249,0.007143546310919137,0.21787397318789872,0.16818009656349672,0.7719145802626685,-0.14339041906592384,0.10073394899757868,0.1782417355824979,0.31117275061666105,0.5481515035209238,0.21043880161908238,0.25147273540671666,0.11169019255833283,67,29.646017699115045,0,0.0,159,70.35398230088495,US
US - new_york,education_higher,birth,683,True,0.4832401303661408,0.19812180975283628,0.004629599779465305,0.3031723173676887,0.14834354318101345,0.4893043813136203,-0.02502587555351411,0.20580323864767597,0.3039268158241302,0.38861513769831,0.8586505576951713,0.18281189905063405,0.13843965955940238,0.11758880806579619,224,32.796486090775986,0,0.0,459,67.20351390922401,US
US - washington_dc,education_higher,birth,190,True,0.47075019447878114,0.1397560542737488,0.004605568610151212,0.11445705919801034,0.18510424838803732,1.6172375009898479,-0.749454244592728,0.047871942285706584,0.12274168626324919,0.18414525974382645,0.7531696566402811,0.13627331745811988,0.3273142927098937,0.08173918309248726,6,3.1578947368421053,2,1.0526315789473684,182,95.78947368421052,US
Sweden - Göteborg,entertainment_recreation,birth,538,True,0.15205084216067233,0.12832729034973234,0.0016632170716285696,0.24332090673713497,0.09399655427464725,0.3863069373491766,-0.006701237182561937,0.19837070260586523,0.2456877559995171,0.3018139326616171,0.4344149295721766,0.10344323005575187,0.02506388587737049,0.1030667638653237,83,15.427509293680297,0,0.0,455,84.5724907063197,Sweden
Sweden - Helsingborg,entertainment_recreation,birth,186,True,0.11162109506768754,0.04104938458872107,0.0016471505144837449,0.23027142031417436,0.07617492025504917,0.3308049264260356,0.06817891737501296,0.17977326219790543,0.2504732618827349,0.2898901536658889,0.3578160287102672,0.11011689146798345,-0.027235303090301803,0.05309301783299078,7,3.763440860215054,0,0.0,179,96.23655913978494,Sweden
Sweden - Linköping,entertainment_recreation,birth,132,True,0.10628916541973811,0.026015590472670755,0.0014852197068612452,0.2177723128781413,0.006682501031081072,0.030685723739456237,0.19942246663783417,0.21682102773029047,0.21738818490332115,0.21830294196500644,0.26693166624964637,0.0014819142347159697,0.03753425676261965,0.014823830825020928,0,0.0,0,0.0,132,100.0,Sweden
Sweden - Lund,entertainment_recreation,birth,165,True,0.010088912283636122,0.0030385086954629365,0.0016213655385391636,0.06715480848182968,0.024588280323749583,0.36614325734251063,0.03555420658672503,0.055576901920300154,0.06271242695554649,0.0674213846237185,0.13831974496534669,0.01184448270341834,-0.002790457421999514,0.022093077391947373,0,0.0,0,0.0,165,100.0,Sweden
Sweden - Malmö,entertainment_recreation,birth,420,True,0.09416007198376442,0.05095157477684575,0.002327094206422913,0.09937284663998525,0.19369454317750695,1.9491697151359346,-0.20146660499505298,-0.03723182088750824,0.07002474551413536,0.1433916256557528,0.811170740509075,0.18062344654326104,0.0594457261591499,0.1030380782810838,19,4.523809523809524,0,0.0,401,95.47619047619048,Sweden
Sweden - Stockholm,entertainment_recreation,birth,1305,True,0.07668515055723446,0.12556941271722946,0.0010829489861240319,0.13463556874004204,0.13433415907144958,0.9977612924176491,-1.2697461440697957,0.04358229698183527,0.14227084752284544,0.2384546920036835,0.4249065049632723,0.19487239502184822,0.06652598032095954,0.098209641930527,39,2.9885057471264367,0,0.0,1266,97.01149425287356,Sweden
Sweden - Uppsala,entertainment_recreation,birth,253,True,0.0767864419943746,0.010599844509625414,0.0008477944399482343,0.16081868924307507,0.015309900593652347,0.09519975983955234,0.14302649886148408,0.15144297909635857,0.15420193164315224,0.165242044931171,0.210698466457377,0.01379906583481244,0.05933765752238495,0.002060223863739035,0,0.0,0,0.0,253,100.0,Sweden
Sweden - Västerås,entertainment_recreation,birth,158,True,0.01260035071240222,0.0032660069520373514,0.001360105211881792,0.10879507094644551,0.020290872606445222,0.18650544027342403,0.05254360334652022,0.09760578016029434,0.1075732613963157,0.11754733411255623,0.16886324800354927,0.019941553952261895,-0.07667142743090041,0.004913578539686241,0,0.0,0,0.0,158,100.0,Sweden
Sweden - Örebro,entertainment_recreation,birth,161,True,0.11491833141038336,0.02222123324845297,0.0015322037627413195,0.26312255007329877,0.012962807347064932,0.049265284725516105,0.2387786626085396,0.25280826712663906,0.26195630814571724,0.2704833961593282,0.3002725259849077,0.01767512903268914,0.01623919420047262,0.016070818037912254,0,0.0,0,0.0,161,100.0,Sweden
US - atlanta,entertainment_recreation,birth,1342,True,0.44166976567155225,0.17438074171374723,0.004307983247357344,0.2040848798725974,0.208306720259822,1.0206866887437234,-0.5394184285665539,0.0800223360335377,0.1782986079497027,0.28980944133538444,1.20448570048192,0.20978710530184674,0.3471532742008382,0.11286273107959695,96,7.153502235469449,0,0.0,1246,92.84649776453055,US
US - new_york,entertainment_recreation,birth,9248,True,0.38104013978739143,0.20819936961397795,0.00340683908385814,0.2721804966399472,0.3021402808696429,1.1100732219962397,-1.2026992249203554,0.09189660433946373,0.26445200140565966,0.44012735529506986,2.1862922740746176,0.3482307509556061,0.12786256201833937,0.1527701467194178,2566,27.746539792387544,46,0.49740484429065746,6636,71.7560553633218,US
US - washington_dc,entertainment_recreation,birth,998,True,0.4654465981051235,0.17976892371972267,0.004445513305997378,0.1064158394135764,0.28222575481957474,2.652102885950348,-1.0430576715219047,-0.02822352976910996,0.10944181855696242,0.28940999496738146,1.2316915513483748,0.3176335247364914,0.4254071098477876,0.14506122548783829,45,4.509018036072145,0,0.0,953,95.49098196392785,US
Sweden - Göteborg,food_dining,birth,2135,True,0.07254891523535223,0.07529053347449217,0.0012764851930938657,0.3585567962699631,0.2749959112836591,0.7669521653038485,-0.30585516766140036,0.18525629226756846,0.33208339414632204,0.5016789235997545,1.226876659178831,0.31642263133218607,0.012097206043308988,0.16587070573602736,185,8.665105386416862,0,0.0,1950,91.33489461358313,Sweden
Sweden - Helsingborg,food_dining,birth,451,True,0.08513171179898874,0.062190620841077654,0.001769219192357164,0.06672740282884805,0.23297967040149592,3.491514138487832,-0.23138313541468344,-0.11543940474780214,-0.03998629580254945,0.2253992444972156,0.6653939507659374,0.3408386492450177,0.09313493278552401,0.12804401457747555,0,0.0,0,0.0,451,100.0,Sweden
Sweden - Linköping,food_dining,birth,427,True,0.08465661511522322,0.06449742925640349,0.0018060146441935157,0.28204248507230734,0.30781621739934295,1.0913824465857618,-0.2559624300266764,-0.023085929412259877,0.24429236750713673,0.6068422893998375,0.6910788238502836,0.6299282188120974,0.14374959914737492,0.10786186475066112,0,0.0,0,0.0,427,100.0,Sweden
Sweden - Lund,food_dining,birth,368,True,0.06077753434679152,0.02072198135943334,0.001202922809444716,-0.3459149936621095,0.15195170289809043,0.4392746937315969,-0.6015366196740695,-0.4548506885729709,-0.4285673901665272,-0.2612392936217665,0.04524489743631996,0.19361139495120439,0.3562819002102743,0.09474585046223558,0,0.0,192,52.17391304347826,176,47.82608695652174,Sweden
Sweden - Malmö,food_dining,birth,1337,True,0.04629874396952684,0.04274121552958311,0.0006215435578349313,0.16630557839843751,0.11618357895949331,0.6986150439352002,-0.04705396441082857,0.06500147866648483,0.1771968871216139,0.2778562205724775,0.3434211586387868,0.21285474190599268,0.03162702541624926,0.0684009613547499,168,12.565445026178011,0,0.0,1169,87.43455497382199,Sweden
Sweden - Stockholm,food_dining,birth,4241,True,0.044722016631448105,0.08413421030359781,0.0004268462073273335,0.14559426124045297,0.14930068294150575,1.0254571963858625,-0.23606146292639862,0.07844790995269524,0.16503239948201148,0.24331568116781443,0.4591274630665175,0.1648677712151192,0.05091591777965597,0.08750354205276113,192,4.527234142890828,0,0.0,4049,95.47276585710917,Sweden
Sweden - Uppsala,food_dining,birth,602,True,0.07062769454685805,0.06644643186191065,0.0011069548802918347,0.18502704428296965,0.09449728609583288,0.5107214810788103,-0.0445400834808639,0.11289363097520286,0.1847210829903534,0.25606161906147346,0.3876144883523179,0.1431679880862706,0.0632620239241979,0.04002230971795962,77,12.790697674418604,0,0.0,525,87.20930232558139,Sweden
Sweden - Västerås,food_dining,birth,356,True,0.06939661677002386,0.03687209500690416,0.001673633396668224,0.1617348245628531,0.12474803315827997,0.7713121369838356,-0.06260584982201417,0.06022216112871628,0.17830550050824606,0.25467498183265264,0.3995148833310983,0.19445282070393635,0.027757041840462838,0.030623457956796385,0,0.0,0,0.0,356,100.0,Sweden
Sweden - Örebro,food_dining,birth,398,True,0.017659085751745303,0.006951801199267419,0.0007029547473970183,0.10037899298329012,0.02097579009783206,0.20896593474815847,0.055075021754761054,0.08795194815667715,0.09776901966452971,0.11059054706386533,0.1659545491104955,0.02263859890718818,0.006766470747658665,0.026179253233192833,0,0.0,0,0.0,398,100.0,Sweden
US - atlanta,food_dining,birth,7669,True,0.25800144051042473,0.1745806743930836,0.004102105608652668,0.07706781974770216,0.6017339936982911,7.807850224233601,-8.231097629639983,-0.15928779611828192,0.09456704851755386,0.4013486939114998,5.24979987111978,0.5606364900297818,-0.7077566236007726,77.14851857747472,416,5.424436041204851,182,2.373190768027122,7071,92.20237319076803,US
US - new_york,food_dining,birth,49447,True,0.4183776954908416,0.22106033277863624,0.0006660605527598435,0.25185316773230326,0.25210118133936243,1.0009847547652162,-1.0661888482079849,0.11582650288248969,0.25204295086180695,0.3908717033991488,2.66028244785413,0.2750452005166591,0.30672417623881054,0.14052556931852692,19013,38.45127105790038,315,0.6370457257265355,30119,60.911683216373085,US
US - washington_dc,food_dining,birth,6029,True,0.24468906216864852,0.20790624837588742,0.004391345032522305,-0.9977998078036804,66.88256031666525,67.03003928602135,-5070.271685330059,-0.2783889833202051,0.03986929145069977,0.35127451053165387,464.1536549133033,0.629663493851859,0.5113054659611996,4.867218881314928,313,5.191574058716205,159,2.6372532758334715,5557,92.17117266545033,US
Sweden - Göteborg,other,birth,12251,True,0.046118799574987816,0.05628825374326281,0.0007895741122254605,0.1986828738870398,0.5463617656197776,2.7499187772490594,-1.761260239328949,-0.0708415512960981,0.15833355886461847,0.4007986354618282,2.557564121795009,0.4716401867579263,0.03344968585585408,0.9549555258329778,254,2.0733001387641825,0,0.0,11997,97.92669986123582,Sweden
Sweden - Helsingborg,other,birth,3886,True,0.052340099325891495,0.041506015637933366,0.0012867893558827128,0.20094034046821663,0.7447900159473697,3.7065231113469497,-3.5467234993244743,-0.011246176924012431,0.15767127498228353,0.45228508174737786,3.8946807240468204,0.4635312586713903,0.007385093543517878,0.6038598129113314,120,3.0880082346886257,37,0.9521358723623263,3729,95.95985589294905,Sweden
Sweden - Linköping,other,birth,3616,True,0.06800536895892238,0.06201313089313275,0.0016755455028729877,-0.0015060497229890295,1.1591302818788114,769.6494107633489,-6.859585104428176,-0.20778893935859646,0.052946376056665696,0.3100641804791909,12.601537598527617,0.5178531198377874,-0.4013277437356959,2.3203396557912046,44,1.2168141592920354,1,0.02765486725663717,3571,98.75553097345133,Sweden
Sweden - Lund,other,birth,3856,True,0.04883209981379665,0.056767375523215945,0.0010450492084188758,0.024410154005155206,0.42452664431790516,17.39139557367188,-1.6798405488950725,-0.11957940553567614,0.07751512194811165,0.2466018077523164,1.562600100231269,0.3661812132879926,-0.040410063310099664,0.39220771109475017,14,0.3630705394190871,0,0.0,3842,99.63692946058092,Sweden
Sweden - Malmö,other,birth,9659,True,0.045510920228633664,0.038489054933935216,0.0010445124644763784,0.15576117153596827,0.4955036153542061,3.1811754525728175,-1.5189871807419715,-0.11273959410562917,0.11054862419365814,0.4023886515658145,4.479818563880591,0.5151282456714437,0.10162634988644806,0.5250215109675309,90,0.9317734755150636,24,0.24847292680401697,9545,98.81975359768091,Sweden
Sweden - Stockholm,other,birth,28110,True,0.028626560244892196,0.04419460339848512,0.0005535325919441296,0.037644809507260464,0.8156609598982206,21.667288812841676,-8.094965530242511,-0.2733327206271157,0.07998435581707135,0.37321105537609356,2.8258210305357587,0.6465437760032093,0.09510074797744422,1.3776609272519962,680,2.4190679473496974,285,1.0138740661686232,27145,96.56705798648169,Sweden
Sweden - Uppsala,other,birth,5724,True,0.07754959889266413,0.06454381918623292,0.0018445539370060945,0.13063437623916077,4.8750004079596065,37.317898613720395,-293.7811070966726,-0.10548722032793056,0.1303191766404994,0.35513246346822813,186.5573393415684,0.4606196837961587,0.08385629597208816,4.795256344214941,168,2.9350104821802936,18,0.31446540880503143,5538,96.75052410901468,Sweden
Sweden - Västerås,other,birth,3860,True,0.03699633734826646,0.03745278640369187,0.0008166710376738866,0.0930148889006776,0.17545711471142073,1.8863336481407391,-0.8065048802480842,-0.04872537952360188,0.09226828952492269,0.21681690253959549,0.8357264865735518,0.26554228206319735,0.008635083673057011,0.13689686213497812,87,2.2538860103626943,0,0.0,3773,97.74611398963731,Sweden
Sweden - Örebro,other,birth,3676,True,0.05234587164116866,0.057332357382685585,0.001179102593457574,0.06333134648348446,0.33364793262394277,5.268290525150155,-1.0861350716069509,-0.10053793814129332,0.07687552445587259,0.2038236447105945,1.2080311498455485,0.3043615828518878,0.049615360613638256,1.3037304957907057,36,0.9793253536452666,87,2.366702937976061,3553,96.65397170837868,Sweden
US - atlanta,other,birth,23739,True,0.21228737765795946,0.15874162090451382,0.001414490962527844,0.1024422809290653,0.35702878607056365,3.485170213242159,-3.3117330211870133,-0.0734935705958942,0.08824630007451337,0.2652900008453173,2.3484322559720607,0.3387835714412115,0.2646646926237499,0.21737843946135058,2232,9.402249462909136,257,1.0826066809890897,21250,89.51514385610177,US
US - new_york,other,birth,79407,True,0.356429297487007,0.19408520717523875,0.0004158606703510944,0.23695738309980385,0.21557032088895928,0.9097430013318615,-0.5591210284681496,0.10587047884453321,0.22504784451527143,0.37333501324935237,1.298073563102768,0.26746453440481915,0.2723502103606117,0.13769653660026032,34580,43.54779805306837,415,0.5226239500295944,44412,55.92957799690203,US
US - washington_dc,other,birth,16394,True,0.1904150823857112,0.1616443960361243,0.0020096563091378857,-0.03270298371994236,15.934454064789827,487.24771419168576,-1196.548471896246,-0.10773754130495844,0.08778812446234718,0.32875581128490383,742.4453514462379,0.43649335258986227,0.14303223845660373,19.980133351964085,880,5.367817494205197,307,1.8726363303647675,15207,92.75954617543003,US
Sweden - Göteborg,accommodation_travel,income,195,True,0.03591905622983801,0.0044885160832831665,0.0010603830957228197,0.15600794611851052,0.036402408688758124,0.23333688824481574,0.011583362681395197,0.14648348230718772,0.16132665723272577,0.17315323992741682,0.25715239857574423,0.026669757620229106,0.025870918858202703,0.009519448687906407,0,0.0,0,0.0,195,100.0,Sweden
Sweden - Malmö,accommodation_travel,income,176,True,0.01158648436445015,0.0010274738480452958,0.0013594621432971156,0.00802540735547838,0.015664214895028863,1.9518280133576034,-0.026816769546565776,-0.003972050679844954,0.006542180555538167,0.021624501786067056,0.04134871673634134,0.025596552465912012,-0.013561496962564385,0.010334083913550708,0,0.0,0,0.0,176,100.0,Sweden
Sweden - Stockholm,accommodation_travel,income,751,True,0.0317805102280184,0.035939894758471404,0.00110086226181932,0.12627509427630904,0.08027958109669575,0.6357515039429064,-0.03372609260788118,0.064900588416914,0.10898952833067306,0.18647175224838264,0.4669288838055092,0.12157116383146864,-0.003588982665674275,0.038029818309275765,11,1.4647137150466045,0,0.0,740,98.5352862849534,Sweden
Sweden - Uppsala,accommodation_travel,income,109,True,0.009709831505378493,0.00677494135528279,0.0019379330627922163,0.034221552325456275,0.040340078225608915,1.1787915943135423,0.006189944477394697,0.018482170991364864,0.021531603476493258,0.0253910176111395,0.20122461151062687,0.006908846619774634,-0.02892315253055347,0.016255314696569392,0,0.0,0,0.0,109,100.0,Sweden
US - atlanta,accommodation_travel,income,1150,True,0.2699356569737962,0.15397881124842203,0.006537504633987485,0.30087062146126525,0.6693562282964665,2.2247310988541993,-7.829816254691662,0.0351399585850963,0.16075861287062454,0.39416473569812005,4.093609800026087,0.3590247771130238,0.3190754436841599,1.0468455788300355,162,14.08695652173913,30,2.608695652173913,958,83.30434782608695,US
US - new_york,accommodation_travel,income,3543,True,0.14178715151391819,0.09305286030522357,0.003687724462716721,0.07591144684613729,0.30932732741375174,4.074844312224984,-1.0889660326732458,-0.09005686518381573,0.04131495893055533,0.19865582372902763,1.8068676208044352,0.28871268891284335,0.1492088535833616,0.6446664039975367,196,5.532034998588767,23,0.6491673722833756,3324,93.81879762912786,US
US - washington_dc,accommodation_travel,income,673,True,0.1745248142028481,0.09279131651875235,0.0031511061797109344,0.09482048051460347,0.17564519602751913,1.852397236064077,-0.2778819955999358,-0.007388384943907759,0.06276720638136986,0.14381452033903844,0.7218427841602002,0.1512029052829462,0.36680708572041415,0.504154391685112,8,1.188707280832095,0,0.0,665,98.81129271916791,US
Sweden - Göteborg,all,income,15589,True,0.0283323557249719,0.035298640111245366,0.0006009053377105623,0.052114123390079495,0.3537315176425774,6.787632500212296,-1.7357036935318009,-0.031024685204023402,0.06928317915864761,0.17809257453331848,5.4416777242404955,0.20911725973734188,-0.02362504366471183,2.4704305884667934,1012,6.49175700814677,0,0.0,14577,93.50824299185322,Sweden
Sweden - Helsingborg,all,income,4696,True,0.031546758406411045,0.02449267892369404,0.0009907696829885887,-0.18210062410081573,1.1572794104844026,6.355164438336588,-8.309324018713337,-0.10225345773403884,0.03079263175948629,0.12112716781545398,1.945524701992096,0.2233806255494928,0.13103427100209988,0.45492594905360095,33,0.702725724020443,134,2.8534923339011926,4529,96.44378194207836,Sweden
Sweden - Linköping,all,income,4355,True,0.0469501592033857,0.046542728924037,0.0012239380553721757,-0.887169242694299,2.515434722298939,2.8353493349923404,-15.54746800209317,-0.684336204129453,-0.03268705002013778,0.1057800442143935,8.493431602961987,0.7901162483438464,-0.09850346604696669,0.6939107937988762,175,4.018369690011481,114,2.6176808266360507,4066,93.36394948335247,Sweden
Sweden - Lund,all,income,4687,True,0.04922320271326153,0.055523654019559894,0.0017236247771642153,0.08372119325591726,0.4767014851044963,5.6939165170200665,-2.7496136797897046,-0.0767817487636355,0.03660777047602886,0.2069251909786,3.2607157618561518,0.2837069397422355,4.8471530971590235,214.12116131527625,68,1.4508214209515682,90,1.9202048218476637,4529,96.62897375720077,Sweden
Sweden - Malmö,all,income,11822,True,0.012711233483313803,0.012117249557961543,0.00020740838977078145,0.062136758905806416,0.09092635078774217,1.463326256291837,-0.3166152377041498,0.01194795756239558,0.047333070519553086,0.08652423170034904,0.6505651025237077,0.07457627413795345,0.015546903357860294,0.0396911339642483,393,3.3243106073422433,0,0.0,11429,96.67568939265776,Sweden
Sweden - Stockholm,all,income,35323,True,0.024396237950743006,0.026202311926331205,0.0006150877903088123,0.030710292051343048,0.5625769760039987,18.31884161386201,-2.8729236609281172,-0.19982915436287735,0.03712846487446387,0.28286310053895614,2.7511759495882835,0.4826922549018335,-1.2614376484388339,91.4154966689205,496,1.4041842425615039,45,0.12739574781303967,34782,98.46842000962546,Sweden
Sweden - Uppsala,all,income,6936,True,0.021066395979508337,0.01798022006315347,0.0003941818111792144,0.0867436503519174,0.2376817523111862,2.7400478461180233,-0.8039303327377118,-0.02999216483905507,0.020602872088240763,0.17679951661568474,1.1229365886805365,0.2067916814547398,0.034193026431866065,0.06830659988264581,234,3.3737024221453287,0,0.0,6702,96.62629757785467,Sweden
Sweden - Västerås,all,income,4567,True,0.032404652259430504,0.023433744552680467,0.0010655976118351094,0.09455960748838148,0.5459097110940959,5.773180807261406,-1.6928302345030155,-0.09058285048367556,0.02613798632313745,0.15167121444635673,3.8728329453723935,0.2422540649300323,-0.04830701121096281,0.2973200893344004,116,2.5399605868184802,0,0.0,4451,97.46003941318152,Sweden
Sweden - Örebro,all,income,4413,True,0.02923868949584061,0.03223692340034939,0.000814896402775035,0.04261241120919853,0.4325270476548618,10.150259874557259,-2.44536975568192,-0.030779239074729202,0.03207695833672089,0.12374476941937668,2.2078944629587114,0.15452400849410589,0.03792555362179056,0.2918534304753176,103,2.33401314298663,0,0.0,4310,97.66598685701337,Sweden
US - atlanta,all,income,32312,True,0.09792832176779286,0.07755077625675279,0.0010021147048399498,0.9370838219060531,158.08834955402915,168.70246381212013,-80.20737064522069,-0.04029789451983534,0.1123678146334901,0.27142444885885053,28415.637287860656,0.3117223433786859,0.2553517071304947,1.2236059939798059,5756,17.813815300817033,2656,8.219856400099035,23900,73.96632829908393,US
US - new_york,all,income,110021,True,0.06199951648473824,0.04798496113111734,0.0003102188729155644,0.06400471316978855,0.285415871130337,4.4592945893406295,-5.8212010356318755,-0.041312348322187345,0.05678100106039432,0.15903215073342636,56.27297927009514,0.2003444990556137,0.00491227439257612,0.5909635637314642,22065,20.055262177220712,5773,5.247180083802183,82183,74.69755773897711,US
US - washington_dc,all,income,18750,True,0.10055721611949403,0.09061205565982053,0.0017336313431784431,0.2500439614147932,3.832850214793501,15.328705372873445,-223.6292741449477,-0.0841097622224282,0.06915883116985488,0.3514107223090086,323.297372324131,0.4355204845314368,0.6107098162580432,17.48184957715109,1539,8.208,399,2.128,16812,89.664,US
Sweden - Stockholm,civic_community,income,120,True,0.03494131562561673,0.010906276938758704,0.0022147012627201975,0.05809599673750013,0.08158461931538763,1.4043070761659888,-0.06402784260303183,-0.0026673068449782223,0.03671307130539517,0.11330459366799131,0.36643536100613805,0.11597190051296953,0.017485445932624917,0.0255727099002384,0,0.0,0,0.0,120,100.0,Sweden
US - atlanta,civic_community,income,147,True,0.21150018094663114,0.0898955263327578,0.005786663722661113,0.05413053290712841,0.1618767997105685,2.990489674068054,-0.18494652348324797,-0.07587674690257422,0.004455897121581061,0.1858023297485078,0.43977482574267357,0.26167907665108203,0.49106875870163735,0.32979947574407986,6,4.081632653061225,0,0.0,141,95.91836734693878,US
US - new_york,civic_community,income,536,True,0.1871417755057867,0.11423173527396867,0.002744404752873489,0.1352380466727124,0.1316764699791418,0.9736643882309991,-0.12801945082280305,0.020959160181435964,0.09156791287956323,0.2574201998310631,0.3830517641685626,0.23646103964962717,0.18846416508570357,0.45900796626970924,159,29.66417910447761,0,0.0,377,70.33582089552239,US
US - washington_dc,civic_community,income,150,True,0.22537561234957526,0.10498996484114177,0.006703596970872375,-0.04096001952522855,0.12129861159726166,2.9613904730331018,-0.24832837167805102,-0.1299933934089616,-0.08651366223994822,0.006077318481477332,0.33768417252494637,0.13607071189043893,0.3278922053518661,0.35353066914118325,3,2.0,0,0.0,147,98.0,US
Sweden - Göteborg,education_higher,income,435,True,0.028059212938521285,0.01942140524195546,0.0008122372148410856,0.06647238152376356,0.019466468948498076,0.2928504816927449,0.02828024457478103,0.04958176639885774,0.07039549161317513,0.08202090165633452,0.1378855585959834,0.032439135257476784,0.06890858147449602,0.05406396034643932,0,0.0,0,0.0,435,100.0,Sweden
Sweden - Linköping,education_higher,income,100,True,0.41522726902678486,0.02570454588295662,0.0021137932336734114,0.21863982764609108,0.003085115966779204,0.014110493957089252,0.21478462672053716,0.2162234133979712,0.2176387207881358,0.22027710131322306,0.2322295532851957,0.0040536879152518746,-0.06566760579667405,0.012357477712621847,100,100.0,0,0.0,0,0.0,Sweden
Sweden - Lund,education_higher,income,181,True,0.03110023924499786,0.013957353772771063,0.0014464527509397216,0.05736620001065274,0.04458504858238247,0.7772006612622616,-0.004179903994198227,0.02245078059306705,0.043980238463016845,0.07851146079467791,0.20213969614340435,0.05606068020161086,-0.015839123906652396,0.03329903132059895,0,0.0,0,0.0,181,100.0,Sweden
Sweden - Malmö,education_higher,income,203,True,0.0854288594978606,0.04762342512054353,0.003795289226226643,0.11437704880356298,0.09536191661652178,0.8337504561802538,-0.044542920316801,0.041850754226942455,0.09177310189191666,0.14865192021282353,0.364414781768423,0.10680116598588107,-0.04656594601771548,0.07816058758105515,8,3.9408866995073892,0,0.0,195,96.05911330049261,Sweden
Sweden - Stockholm,education_higher,income,796,True,0.017478391934267874,0.000666071795594475,0.0002344950154667573,0.0524747262979416,0.002342031784219096,0.0446316150544832,0.04757299611932198,0.050900695256780565,0.052369480508399915,0.0539122217688257,0.08361528816597608,0.003011526512045136,0.03726875214257744,0.0012911645441786085,0,0.0,0,0.0,796,100.0,Sweden
Sweden - Uppsala,education_higher,income,214,True,0.014869793665045867,0.018788038719593943,0.0013280766240218247,0.022292007096576433,0.019525637584277798,0.8759030759180276,0.00948724555459848,0.013199799036958695,0.01550699034433608,0.022816095952677536,0.1612027977746474,0.009616296915718841,0.0006397645452601549,0.009289646461493982,1,0.4672897196261682,0,0.0,213,99.53271028037383,Sweden
US - atlanta,education_higher,income,216,True,0.2969152678541344,0.12562011575767404,0.007339236334492921,0.20714162931961905,0.33465506417056035,1.615585748117238,-0.13594908301144396,-0.023248470925344926,0.06530146406547518,0.4090338438069907,1.255145407264124,0.43228231473233564,0.3847629513254654,0.4847200786328241,12,5.555555555555555,0,0.0,204,94.44444444444444,US
US - new_york,education_higher,income,529,True,0.11734871089606025,0.10693804227031677,0.0023659722380010703,0.11206033563093874,0.10675474078225955,0.9526541231667133,-0.036150345117543975,0.04220492872076801,0.07438543675023841,0.1329751468455212,0.433990087348595,0.0907702181247532,-0.17684150972661997,0.20309375611484895,78,14.744801512287335,0,0.0,451,85.25519848771266,US
US - washington_dc,education_higher,income,151,True,0.19932199023583988,0.032602200047634436,0.002313220451494049,0.029032467546336104,0.057012392701211195,1.9637460236619178,-0.04991584185076458,-0.027508413614517682,0.042857793601775794,0.07991308049030851,0.11214831540851866,0.1074214941048262,0.5412836195876264,0.08445768974193153,0,0.0,0,0.0,151,100.0,US
Sweden - Göteborg,entertainment_recreation,income,538,True,0.030337119886133277,0.025387375704178754,0.00114361581515848,0.03716518506506756,0.0481783093503325,1.2963290581220983,-0.059755914320993905,-0.005404954536438972,0.03775158584621423,0.07443319777474465,0.21815806223815573,0.07983815231118362,0.02458604239161174,0.030587303716637006,4,0.7434944237918215,0,0.0,534,99.25650557620818,Sweden
Sweden - Helsingborg,entertainment_recreation,income,186,True,0.13392460607780135,0.09677445733428848,0.003438662003738678,0.12800423503166705,0.07922955060296391,0.6189603850479108,0.009111260720782615,0.06874921723555331,0.11262921784317226,0.19851175010583552,0.2985662988591981,0.12976253287028222,0.009750835435827755,0.1274742862167451,0,0.0,0,0.0,186,100.0,Sweden
Sweden - Linköping,entertainment_recreation,income,132,True,0.05159005105400973,0.0024086776187016777,0.001258553656373602,0.03043904400918887,0.004762557461620197,0.15646212345507587,0.024015161897079466,0.02870811838354789,0.029461979529886072,0.03003565200905289,0.06181113910943193,0.0013275336255050008,0.003201762730331564,0.003351718130175451,0,0.0,0,0.0,132,100.0,Sweden
Sweden - Lund,entertainment_recreation,income,165,True,0.05787227026030076,0.013836967625346029,0.0014344772330622028,0.021672517393419362,0.03114464063100386,1.4370568986351633,-0.051548728460743945,0.0035312651363564626,0.02893745286832028,0.03977902333010937,0.08141289279956788,0.03624775819375291,0.0878231686921399,0.01608388873402839,0,0.0,0,0.0,165,100.0,Sweden
Sweden - Malmö,entertainment_recreation,income,420,True,0.06656279792466985,0.034933933092844836,0.001803330858906183,0.11320258153643632,0.07307211748978157,0.6454986847297468,-0.03614603798260935,0.05805478885597703,0.12226682735462956,0.16443037359432403,0.2893320243752433,0.10637558473834699,-0.003494719085531518,0.051645410058713044,0,0.0,0,0.0,420,100.0,Sweden
Sweden - Stockholm,entertainment_recreation,income,1305,True,0.06316498639658494,0.046953515563340424,0.0010628271137430726,0.08110138753193807,0.08778625035877972,1.082425998250759,-0.09665511739442417,0.025053541731712047,0.06890933523133262,0.13046904190981154,0.2646536332072936,0.10541550017809949,0.0693398053271779,0.043681661718296565,88,6.743295019157088,0,0.0,1217,93.25670498084291,Sweden
Sweden - Uppsala,entertainment_recreation,income,253,True,0.023801481129303022,0.004730205417336267,0.000799819077472666,0.04297436884739198,0.00574644260443897,0.13371790577880027,0.030681315296708058,0.03931920712703529,0.04215723431039733,0.044829488509618376,0.06259667578249765,0.005510281382583089,0.008873898953670113,0.001164104022901013,0,0.0,0,0.0,253,100.0,Sweden
Sweden - Västerås,entertainment_recreation,income,158,True,0.025021613153979647,0.015323587860432393,0.0016318091025053839,0.05672806599796036,0.01980891432502852,0.3491907220270957,-0.0011316398222743264,0.04215858804713013,0.05825106331985211,0.07114465259356999,0.11891279083739675,0.028986064546439858,-0.03248972620842975,0.014584039909793683,0,0.0,0,0.0,158,100.0,Sweden
Sweden - Örebro,entertainment_recreation,income,161,True,0.07636684466402473,0.025184814657955124,0.0021766812160781,0.054881002027303324,0.06326462046585131,1.1527599374803166,-0.05431188123887592,-0.017144701013689572,0.07121150292295646,0.11223538276377888,0.13346007694513673,0.12938008377746846,0.014425366058211852,0.055380003816689206,23,14.285714285714286,0,0.0,138,85.71428571428571,Sweden
US - atlanta,entertainment_recreation,income,1280,True,0.22056425260557244,0.11734515152472427,0.004433888472174578,0.12764754133695572,0.25573812865958406,2.0034708540488304,-1.5315766912163846,-0.016177182997376003,0.0749005576991508,0.24074793535909775,1.4582177076233782,0.25692511835647375,0.43575096558007675,0.6348629880110133,149,11.640625,0,0.0,1131,88.359375,US
US - new_york,entertainment_recreation,income,7738,True,0.1640697697087636,0.10108929379647665,0.004180311363926066,0.06446533612728472,0.2614455735618306,4.055599323109319,-1.8986580064344716,-0.06239964495347936,0.047139563838339504,0.1923502573360304,1.9933879112920512,0.2547499022895098,-0.021568164638204886,0.7828620881673314,317,4.096665805117602,67,0.8658568105453606,7354,95.03747738433704,US
US - washington_dc,entertainment_recreation,income,785,True,0.20283551583971682,0.11281398246676273,0.004123293381374642,0.10825002059863537,0.1573493441228141,1.4535733411656986,-0.2480670592402633,0.008236051991944014,0.11186438937193204,0.2321774234852614,0.7538058959235222,0.2239413714933174,0.5520350546050564,0.37561223433719904,70,8.9171974522293,0,0.0,715,91.0828025477707,US
Sweden - Göteborg,food_dining,income,2135,True,0.029299852482309152,0.04069389854901627,0.0005461118258174186,0.0713159052958257,0.10658777206771156,1.494586258501165,-0.18291479430639587,-0.00027420583025140394,0.06038400703026445,0.153489076273587,0.3580898658816404,0.15376328210383838,-0.010604995770188405,0.04416144669514683,70,3.278688524590164,0,0.0,2065,96.72131147540983,Sweden
Sweden - Helsingborg,food_dining,income,451,True,0.0847865058378469,0.04104864136376778,0.002446335128001644,0.17841213428665442,0.26151226654531934,1.465776235405312,-0.10027216763155773,0.018156975870813642,0.12729987750254135,0.2666484584827188,1.903963457664692,0.24849148261190515,0.1781105884944849,0.5648271260737399,0,0.0,0,0.0,451,100.0,Sweden
Sweden - Linköping,food_dining,income,427,True,0.06365194234384351,0.06846349083584251,0.0013476963941991523,0.3734537496784925,0.2831413535098995,0.7581697968052451,-0.18844613538820346,0.13969337998435527,0.3581523548438035,0.6419080260557517,1.0437764151660647,0.5022146460713964,-0.07889644644787697,0.11039506764011844,108,25.292740046838407,0,0.0,319,74.7072599531616,Sweden
Sweden - Lund,food_dining,income,368,True,0.037478193475556074,0.03778838160193409,0.001500152032961534,0.05764712829454642,0.07221015585310124,1.2526236430051716,-0.1059524473164235,0.04540460530043396,0.055340462089458795,0.07884323167582916,0.2628280013820837,0.03343862637539519,0.04498035232288393,0.07053098652430843,0,0.0,0,0.0,368,100.0,Sweden
Sweden - Malmö,food_dining,income,1337,True,0.014695757116746198,0.006725783273140301,0.0003669115431333892,0.04330181108353349,0.03691933646324636,0.8526049035691671,-0.0830474552766676,0.043975442072411004,0.05682577522898688,0.06405869122177216,0.07627604950751925,0.020083249149361153,0.002850543659692684,0.019957897897387413,0,0.0,0,0.0,1337,100.0,Sweden
Sweden - Stockholm,food_dining,income,4241,True,0.038948538270989666,0.035133632098472235,0.0007091005849299811,-0.029016970455285278,0.14982142764574477,5.1632346621649345,-0.5347899974578996,-0.12395135794729123,-0.019675107666250698,0.07317391246108032,0.4288516760274706,0.19712527040837155,0.058944760706790944,0.07560329340683743,33,0.778118368309361,0,0.0,4208,99.22188163169064,Sweden
Sweden - Uppsala,food_dining,income,602,True,0.07799653545954877,0.04304125741148621,0.00217981655165462,0.22852452427367867,0.3227973573478186,1.4125282981061575,-0.460456274579924,0.04983250162076168,0.11050472636011957,0.3526873191894064,1.20024207899894,0.3028548175686447,0.026367496510587694,0.09357528047355887,98,16.27906976744186,0,0.0,504,83.72093023255815,Sweden
Sweden - Västerås,food_dining,income,356,True,0.013191147525755953,0.006178663393825529,0.0006941026784085654,0.058969537080525374,0.015925096653455505,0.27005632809545577,0.02863602525491336,0.04790714984511514,0.058311198912019524,0.07589822107533384,0.08649517340246131,0.027991071230218698,-0.024176262978546328,0.007217930615763055,0,0.0,0,0.0,356,100.0,Sweden
Sweden - Örebro,food_dining,income,398,True,0.017615832655375616,0.0259087624059635,0.0012286397036027738,0.017128191278768617,0.06082140574744532,3.550953206766027,-0.04639367155928065,-0.018140708251254974,-0.0007507376848099691,0.02058588794515088,0.24141681125867745,0.03872659619640585,0.020126402384068712,0.03240289994947686,0,0.0,0,0.0,398,100.0,Sweden
US - atlanta,food_dining,income,7277,True,0.1711242128795286,0.1272873336317711,0.00414243868085019,0.10370076590435859,1.517693555329326,14.635316741335048,-25.157745337387286,-0.18901827411241326,0.0948220432782155,0.4359159582330091,58.89806925094447,0.6249342323454223,0.23415234658240872,4.506143204651956,706,9.701800192386973,663,9.110897347808162,5908,81.18730245980487,US
US - new_york,food_dining,income,39732,True,0.07664509698186554,0.0547771177666465,0.0008414623347496121,0.05343868193567947,0.37979543879127664,7.107125869017704,-40.25134564386352,-0.07416599924940043,0.05050547436409189,0.19280060456906897,12.84763138028427,0.2669666038184694,0.031169913203749833,0.7088461787308346,4742,11.934964260545655,1244,3.1309775495822008,33746,84.93405818987215,US
US - washington_dc,food_dining,income,4662,True,0.1972183663092902,0.15360808165963413,0.005875156915464607,0.4566292682819363,5.076453824604294,11.11723268134872,-66.87661113539204,-0.2645003006265504,0.04958392297184884,0.5610474001562755,164.83818344606314,0.8255477007828259,-0.24505974367182712,28.337605921768837,283,6.070356070356071,146,3.131703131703132,4233,90.7979407979408,US
Sweden - Göteborg,other,income,12251,True,0.028606995866474045,0.03590751529235675,0.0006418136053218136,0.06751709858378174,0.2998187453696727,4.440634323135622,-1.3768295117816944,-0.01607458241623258,0.07404006730354258,0.1916347708050583,2.86575468677265,0.2077093532212909,0.0155467399108156,0.07538048493547081,668,5.45261611297037,0,0.0,11583,94.54738388702962,Sweden
Sweden - Helsingborg,other,income,3886,True,0.027507603903336484,0.020961607170255858,0.0007032659847780706,-0.2147528653610364,1.0504113768436072,4.8912566315596555,-6.538536013638867,-0.0409670298478364,0.03741078565964298,0.11196082877386641,1.144147331227731,0.15292785862170283,0.15950221400144904,0.4317532907648527,0,0.0,73,1.878538342768914,3813,98.12146165723108,Sweden
Sweden - Linköping,other,income,3616,True,0.048120011659706634,0.05066733823103042,0.001040934146275376,-0.9322808845625359,2.1650782118893366,2.3223453872544852,-11.759519098540734,-0.6142602350897993,-0.03018338084653093,0.05815280246466967,6.903163577590542,0.672413037554469,-0.0539963482955542,0.5528148872714694,84,2.3230088495575223,180,4.977876106194691,3352,92.69911504424779,Sweden
Sweden - Lund,other,income,3856,True,0.05802581703420338,0.061131482536160006,0.002058748754677772,-0.002634439185343861,0.712532442925385,270.46835884062415,-6.644973097217261,-0.13927091955388227,0.009310373308645137,0.17310324865547677,3.732951171461783,0.31237416820935904,0.31127086146917055,13.77921889256389,85,2.204356846473029,74,1.9190871369294606,3697,95.8765560165975,Sweden
Sweden - Malmö,other,income,9659,True,0.01438630795333676,0.012556584061271445,0.0002239820334782726,0.04805793860666229,0.08244756091828458,1.7155867128028426,-0.23825041191697782,0.008922019718916725,0.040282579058427304,0.07691977159750754,0.652041643097411,0.06799775187859082,0.02168003695169633,0.041747117088093214,471,4.876281188528833,0,0.0,9188,95.12371881147116,Sweden
Sweden - Stockholm,other,income,28110,True,0.022492021984682198,0.02491924111477642,0.0005678567216508302,0.04710932870973971,0.4838217676134684,10.2701902333293,-2.160201052433131,-0.1680605818858789,0.04916289831606837,0.27676192427917623,2.127883108484745,0.44482250616505514,-0.22412357328266497,188.11692072071736,449,1.5972963358235504,1,0.0035574528637495554,27660,98.3991462113127,Sweden
Sweden - Uppsala,other,income,5724,True,0.022390373748009926,0.021042291391385377,0.0004844228850507458,0.07223825331037838,0.2530951315665567,3.5036164354515873,-1.1928075301258274,-0.040842641001326375,0.01826212833078636,0.17691343484929098,0.9875642659425659,0.21775607585061735,0.03776481846376907,0.06310070468107595,142,2.480782669461915,0,0.0,5582,97.51921733053808,Sweden
Sweden - Västerås,other,income,3860,True,0.03326636624132663,0.02608045596503121,0.0012169663478231888,0.1076070728717212,0.5147475547234533,4.783584768048526,-1.8134797793706992,-0.08111336818625546,0.02503212452596535,0.1829144324947075,3.9167640997960116,0.264027800680963,-0.03569910643508919,0.28383256221072756,85,2.2020725388601035,0,0.0,3775,97.79792746113989,Sweden
Sweden - Örebro,other,income,3676,True,0.03485583028079827,0.03772438371761142,0.0010227677220270236,0.08962979947984863,0.43759569167840473,4.882256729546616,-2.55907475771556,-0.027636203970218216,0.03080610682561449,0.14119143913656712,2.4002308781395474,0.16882764310678533,0.023885981530258685,0.24902104027708463,122,3.318824809575626,0,0.0,3554,96.68117519042437,Sweden
US - atlanta,other,income,22242,True,0.10345864003520294,0.08133566222018469,0.001438309317386956,0.035091263895393195,5.257822895220499,149.83281625005102,-751.3697301021463,-0.04351903266434714,0.1190114986345159,0.278657600237317,87.80551527833669,0.32217663290166415,0.25227867222754286,1.2548983996368333,3018,13.56892365794443,2024,9.099901088031652,17200,77.33117525402392,US
US - new_york,other,income,57943,True,0.07117470148822863,0.05312252337277396,0.0005875726809181147,0.06827611126656731,0.2445171338098306,3.581298484548622,-7.958954814996128,-0.04878151295934428,0.061432144646060206,0.17933608124841463,9.99123955418103,0.2281175942077589,0.020197774305265325,0.7294188232899873,8834,15.246017638023575,2304,3.97632155739261,46805,80.77766080458382,US
US - washington_dc,other,income,12329,True,0.11223173381702552,0.09445013873430609,0.0025856773133376316,0.23453443096293067,5.706889295885066,24.33284218634435,-520.2954882338089,-0.11505667588860705,0.06479176184126526,0.3588356272336405,133.61814336684535,0.4738923031222475,0.2592745922428066,81.28407016384762,812,6.586097818152324,102,0.8273177062211047,11415,92.58658447562657,US
